[
{
    "fields": {
        "created_by": 15,
        "title": "Test Project 1 - N: New",
        "creation_ts": "2015-11-30T04:51:17.032Z",
        "last_modified_ts": "2015-11-30T04:51:17.032Z",
        "parent_project": null,
        "description": "Test Project 1",
        "updated_by": 15,
        "notes": null
    },
    "pk": 1,
    "model": "crams.project"
},
{
    "fields": {
        "created_by": 15,
        "title": "Test Project 2 - E: Submitted",
        "creation_ts": "2015-11-30T05:08:41.346Z",
        "last_modified_ts": "2015-11-30T05:08:41.346Z",
        "parent_project": null,
        "description": "Test Project 2",
        "updated_by": 15,
        "notes": null
    },
    "pk": 2,
    "model": "crams.project"
},
{
    "fields": {
        "created_by": 15,
        "title": "Test Project 3 - A: Approved",
        "creation_ts": "2015-11-30T05:10:37.940Z",
        "last_modified_ts": "2015-11-30T05:10:37.940Z",
        "parent_project": null,
        "description": "Test Project 3",
        "updated_by": 15,
        "notes": null
    },
    "pk": 3,
    "model": "crams.project"
},
{
    "fields": {
        "created_by": 15,
        "title": "Test Project 4 - P: Provisioned",
        "creation_ts": "2015-11-30T05:10:43.701Z",
        "last_modified_ts": "2015-11-30T05:10:43.701Z",
        "parent_project": null,
        "description": "Test Project 4",
        "updated_by": 15,
        "notes": null
    },
    "pk": 4,
    "model": "crams.project"
},
{
    "fields": {
        "created_by": 15,
        "title": "Test Project 5 - X: Update/Extension Request",
        "creation_ts": "2015-11-30T05:10:49.540Z",
        "last_modified_ts": "2015-11-30T05:10:49.540Z",
        "parent_project": null,
        "description": "Test Project 5",
        "updated_by": 15,
        "notes": null
    },
    "pk": 5,
    "model": "crams.project"
},
{
    "fields": {
        "created_by": 15,
        "title": "Test Project 6 - R: Declined",
        "creation_ts": "2015-11-30T05:10:56.078Z",
        "last_modified_ts": "2015-11-30T05:10:56.078Z",
        "parent_project": null,
        "description": "Test Project 6",
        "updated_by": 15,
        "notes": null
    },
    "pk": 6,
    "model": "crams.project"
},
{
    "fields": {
        "created_by": 15,
        "title": "Test Project 7 - J: Update/Extension Declined",
        "creation_ts": "2015-11-30T05:11:01.803Z",
        "last_modified_ts": "2015-11-30T05:11:01.803Z",
        "parent_project": null,
        "description": "Test Project 7",
        "updated_by": 15,
        "notes": null
    },
    "pk": 7,
    "model": "crams.project"
},
{
    "fields": {
        "created_by": 15,
        "title": "Test Project 8 - L: Legacy Submission",
        "creation_ts": "2015-11-30T05:11:20.105Z",
        "last_modified_ts": "2015-11-30T05:11:20.105Z",
        "parent_project": null,
        "description": "Test Project 8",
        "updated_by": 15,
        "notes": null
    },
    "pk": 8,
    "model": "crams.project"
},
{
    "fields": {
        "created_by": 15,
        "title": "Test Project 9 - M: Legacy Approved",
        "creation_ts": "2015-11-30T05:11:25.885Z",
        "last_modified_ts": "2015-11-30T05:11:25.885Z",
        "parent_project": null,
        "description": "Test Project 9",
        "updated_by": 15,
        "notes": null
    },
    "pk": 9,
    "model": "crams.project"
},
{
    "fields": {
        "created_by": 15,
        "title": "Test Project 10 - O: Legacy Rejected",
        "creation_ts": "2015-11-30T05:11:30.705Z",
        "last_modified_ts": "2015-11-30T05:11:30.705Z",
        "parent_project": null,
        "description": "Test Project 10",
        "updated_by": 15,
        "notes": null
    },
    "pk": 10,
    "model": "crams.project"
},
{
    "fields": {
        "created_by": 15,
        "title": "Test Project 11",
        "creation_ts": "2015-11-30T05:11:48.435Z",
        "last_modified_ts": "2015-11-30T05:11:48.435Z",
        "parent_project": null,
        "description": "Test Project 11",
        "updated_by": 15,
        "notes": null
    },
    "pk": 11,
    "model": "crams.project"
},
{
    "fields": {
        "created_by": 15,
        "title": "Test Project 12",
        "creation_ts": "2015-11-30T05:12:25.961Z",
        "last_modified_ts": "2015-11-30T05:12:25.961Z",
        "parent_project": null,
        "description": "Test Project 12",
        "updated_by": 15,
        "notes": null
    },
    "pk": 12,
    "model": "crams.project"
},
{
    "fields": {
        "contact": 1,
        "project": 1,
        "contact_role": 2
    },
    "pk": 82,
    "model": "crams.projectcontact"
},
{
    "fields": {
        "contact": 1,
        "project": 1,
        "contact_role": 1
    },
    "pk": 83,
    "model": "crams.projectcontact"
},
{
    "fields": {
        "contact": 2,
        "project": 2,
        "contact_role": 2
    },
    "pk": 84,
    "model": "crams.projectcontact"
},
{
    "fields": {
        "contact": 1,
        "project": 2,
        "contact_role": 1
    },
    "pk": 85,
    "model": "crams.projectcontact"
},
{
    "fields": {
        "contact": 2,
        "project": 3,
        "contact_role": 2
    },
    "pk": 86,
    "model": "crams.projectcontact"
},
{
    "fields": {
        "contact": 1,
        "project": 3,
        "contact_role": 1
    },
    "pk": 87,
    "model": "crams.projectcontact"
},
{
    "fields": {
        "contact": 2,
        "project": 4,
        "contact_role": 2
    },
    "pk": 88,
    "model": "crams.projectcontact"
},
{
    "fields": {
        "contact": 1,
        "project": 4,
        "contact_role": 1
    },
    "pk": 89,
    "model": "crams.projectcontact"
},
{
    "fields": {
        "contact": 2,
        "project": 5,
        "contact_role": 2
    },
    "pk": 90,
    "model": "crams.projectcontact"
},
{
    "fields": {
        "contact": 1,
        "project": 5,
        "contact_role": 1
    },
    "pk": 91,
    "model": "crams.projectcontact"
},
{
    "fields": {
        "contact": 2,
        "project": 6,
        "contact_role": 2
    },
    "pk": 92,
    "model": "crams.projectcontact"
},
{
    "fields": {
        "contact": 1,
        "project": 6,
        "contact_role": 1
    },
    "pk": 93,
    "model": "crams.projectcontact"
},
{
    "fields": {
        "contact": 2,
        "project": 7,
        "contact_role": 2
    },
    "pk": 94,
    "model": "crams.projectcontact"
},
{
    "fields": {
        "contact": 1,
        "project": 7,
        "contact_role": 1
    },
    "pk": 95,
    "model": "crams.projectcontact"
},
{
    "fields": {
        "contact": 2,
        "project": 8,
        "contact_role": 2
    },
    "pk": 96,
    "model": "crams.projectcontact"
},
{
    "fields": {
        "contact": 1,
        "project": 8,
        "contact_role": 1
    },
    "pk": 97,
    "model": "crams.projectcontact"
},
{
    "fields": {
        "contact": 2,
        "project": 9,
        "contact_role": 2
    },
    "pk": 98,
    "model": "crams.projectcontact"
},
{
    "fields": {
        "contact": 1,
        "project": 9,
        "contact_role": 1
    },
    "pk": 99,
    "model": "crams.projectcontact"
},
{
    "fields": {
        "contact": 2,
        "project": 10,
        "contact_role": 2
    },
    "pk": 100,
    "model": "crams.projectcontact"
},
{
    "fields": {
        "contact": 1,
        "project": 10,
        "contact_role": 1
    },
    "pk": 101,
    "model": "crams.projectcontact"
},
{
    "fields": {
        "contact": 2,
        "project": 11,
        "contact_role": 2
    },
    "pk": 102,
    "model": "crams.projectcontact"
},
{
    "fields": {
        "contact": 1,
        "project": 11,
        "contact_role": 1
    },
    "pk": 103,
    "model": "crams.projectcontact"
},
{
    "fields": {
        "contact": 2,
        "project": 12,
        "contact_role": 2
    },
    "pk": 104,
    "model": "crams.projectcontact"
},
{
    "fields": {
        "contact": 1,
        "project": 12,
        "contact_role": 1
    },
    "pk": 105,
    "model": "crams.projectcontact"
},
{
    "fields": {
        "identifier": "test-project-1",
        "project": 1,
        "system": 1
    },
    "pk": 32,
    "model": "crams.projectid"
},
{
    "fields": {
        "identifier": "test-project-2",
        "project": 2,
        "system": 1
    },
    "pk": 33,
    "model": "crams.projectid"
},
{
    "fields": {
        "identifier": "test-project-3",
        "project": 3,
        "system": 1
    },
    "pk": 34,
    "model": "crams.projectid"
},
{
    "fields": {
        "identifier": "test-project-4",
        "project": 4,
        "system": 1
    },
    "pk": 35,
    "model": "crams.projectid"
},
{
    "fields": {
        "identifier": "test-project-5",
        "project": 5,
        "system": 1
    },
    "pk": 36,
    "model": "crams.projectid"
},
{
    "fields": {
        "identifier": "test-project-6",
        "project": 6,
        "system": 1
    },
    "pk": 37,
    "model": "crams.projectid"
},
{
    "fields": {
        "identifier": "test-project-7",
        "project": 7,
        "system": 1
    },
    "pk": 38,
    "model": "crams.projectid"
},
{
    "fields": {
        "identifier": "test-project-8",
        "project": 8,
        "system": 1
    },
    "pk": 39,
    "model": "crams.projectid"
},
{
    "fields": {
        "identifier": "test-project-9",
        "project": 9,
        "system": 1
    },
    "pk": 40,
    "model": "crams.projectid"
},
{
    "fields": {
        "identifier": "test-project-10",
        "project": 10,
        "system": 1
    },
    "pk": 41,
    "model": "crams.projectid"
},
{
    "fields": {
        "identifier": "test-project-11",
        "project": 11,
        "system": 1
    },
    "pk": 42,
    "model": "crams.projectid"
},
{
    "fields": {
        "identifier": "test-project-12",
        "project": 12,
        "system": 1
    },
    "pk": 43,
    "model": "crams.projectid"
},
{
    "fields": {
        "created_by": 15,
	    "parent_request": null,
        "creation_ts": "2015-11-30T04:51:17.064Z",
        "last_modified_ts": "2015-11-30T04:51:17.064Z",
        "start_date": "2015-11-30",
        "approval_notes": "",
        "end_date": "2015-12-30",
        "funding_scheme": 1,
        "updated_by": 15,
        "request_status": 1,
        "project": 1
    },
    "pk": 35,
    "model": "crams.request"
},
{
    "fields": {
        "created_by": 15,
        "parent_request": null,
        "creation_ts": "2015-11-30T05:08:41.441Z",
        "last_modified_ts": "2015-11-30T05:08:41.441Z",
        "start_date": "2015-11-30",
        "approval_notes": "",
        "end_date": "2015-12-30",
        "funding_scheme": 1,
        "updated_by": 15,
        "request_status": 2,
        "project": 2
    },
    "pk": 36,
    "model": "crams.request"
},
{
    "fields": {
        "created_by": 15,
        "parent_request": null,
        "creation_ts": "2015-11-30T05:10:37.967Z",
        "last_modified_ts": "2015-11-30T05:10:37.967Z",
        "start_date": "2015-11-30",
        "approval_notes": "",
        "end_date": "2015-12-30",
        "funding_scheme": 1,
        "updated_by": 15,
        "request_status": 3,
        "project": 3
    },
    "pk": 37,
    "model": "crams.request"
},
{
    "fields": {
        "created_by": 15,
        "parent_request": null,
        "creation_ts": "2015-11-30T05:10:43.731Z",
        "last_modified_ts": "2015-11-30T05:10:43.731Z",
        "start_date": "2015-11-30",
        "approval_notes": "",
        "end_date": "2015-12-30",
        "funding_scheme": 1,
        "updated_by": 15,
        "request_status": 4,
        "project": 4
    },
    "pk": 38,
    "model": "crams.request"
},
{
    "fields": {
        "created_by": 15,
        "parent_request": null,
        "creation_ts": "2015-11-30T05:10:49.569Z",
        "last_modified_ts": "2015-11-30T05:10:49.569Z",
        "start_date": "2015-11-30",
        "approval_notes": "",
        "end_date": "2015-12-30",
        "funding_scheme": 1,
        "updated_by": 15,
        "request_status": 5,
        "project": 5
    },
    "pk": 39,
    "model": "crams.request"
},
{
    "fields": {
        "created_by": 15,
        "parent_request": null,
        "creation_ts": "2015-11-30T05:10:56.111Z",
        "last_modified_ts": "2015-11-30T05:10:56.111Z",
        "start_date": "2015-11-30",
        "approval_notes": "",
        "end_date": "2015-12-30",
        "funding_scheme": 1,
        "updated_by": 15,
        "request_status": 6,
        "project": 6
    },
    "pk": 40,
    "model": "crams.request"
},
{
    "fields": {
        "created_by": 15,
        "parent_request": null,
        "creation_ts": "2015-11-30T05:11:01.836Z",
        "last_modified_ts": "2015-11-30T05:11:01.836Z",
        "start_date": "2015-11-30",
        "approval_notes": "",
        "end_date": "2015-12-30",
        "funding_scheme": 1,
        "updated_by": 15,
        "request_status": 7,
        "project": 7
    },
    "pk": 41,
    "model": "crams.request"
},
{
    "fields": {
        "created_by": 15,
        "parent_request": null,
        "creation_ts": "2015-11-30T05:11:20.138Z",
        "last_modified_ts": "2015-11-30T05:11:20.138Z",
        "start_date": "2015-11-30",
        "approval_notes": "",
        "end_date": "2015-12-30",
        "funding_scheme": 1,
        "updated_by": 15,
        "request_status": 8,
        "project": 8
    },
    "pk": 42,
    "model": "crams.request"
},
{
    "fields": {
        "created_by": 15,
        "parent_request": null,
        "creation_ts": "2015-11-30T05:11:25.915Z",
        "last_modified_ts": "2015-11-30T05:11:25.915Z",
        "start_date": "2015-11-30",
        "approval_notes": "",
        "end_date": "2015-12-30",
        "funding_scheme": 1,
        "updated_by": 15,
        "request_status": 9,
        "project": 9
    },
    "pk": 43,
    "model": "crams.request"
},
{
    "fields": {
        "created_by": 15,
        "parent_request": null,
        "creation_ts": "2015-11-30T05:11:30.736Z",
        "last_modified_ts": "2015-11-30T05:11:30.736Z",
        "start_date": "2015-11-30",
        "approval_notes": "",
        "end_date": "2015-12-30",
        "funding_scheme": 1,
        "updated_by": 15,
        "request_status": 10,
        "project": 10
    },
    "pk": 44,
    "model": "crams.request"
},
{
    "fields": {
        "created_by": 15,
        "parent_request": null,
        "creation_ts": "2015-11-30T05:11:48.464Z",
        "last_modified_ts": "2015-11-30T05:11:48.465Z",
        "start_date": "2015-11-30",
        "approval_notes": "",
        "end_date": "2015-12-30",
        "funding_scheme": 1,
        "updated_by": 15,
        "request_status": 2,
        "project": 11
    },
    "pk": 45,
    "model": "crams.request"
},
{
    "fields": {
        "created_by": 15,
        "parent_request": null,
        "creation_ts": "2015-11-30T05:12:25.996Z",
        "last_modified_ts": "2015-11-30T05:12:25.996Z",
        "start_date": "2015-11-30",
        "approval_notes": "",
        "end_date": "2015-12-30",
        "funding_scheme": 1,
        "updated_by": 15,
        "request_status": 2,
        "project": 12
    },
    "pk": 46,
    "model": "crams.request"
},
{
    "fields": {
        "name": "NeCTAR Volume (Monash)",
        "funding_body": 1,
        "provider": 1,
        "storage_type": 1,
        "zone": 3
    },
    "pk": -1,
    "model": "crams.storageproduct"
},
{
    "fields": {
        "compute_product": 1,
        "approved_instances": 2,
        "approved_cores": 2,
        "core_hours": 744,
        "cores": 2,
        "instances": 2,
        "approved_core_hours": 744,
        "request": 35
    },
    "pk": 35,
    "model": "crams.computerequest"
},
{
    "fields": {
        "compute_product": 1,
        "approved_instances": 2,
        "approved_cores": 2,
        "core_hours": 744,
        "cores": 2,
        "instances": 2,
        "approved_core_hours": 744,
        "request": 36
    },
    "pk": 36,
    "model": "crams.computerequest"
},
{
    "fields": {
        "compute_product": 1,
        "approved_instances": 2,
        "approved_cores": 2,
        "core_hours": 744,
        "cores": 2,
        "instances": 2,
        "approved_core_hours": 744,
        "request": 37
    },
    "pk": 37,
    "model": "crams.computerequest"
},
{
    "fields": {
        "compute_product": 1,
        "approved_instances": 2,
        "approved_cores": 2,
        "core_hours": 744,
        "cores": 2,
        "instances": 2,
        "approved_core_hours": 744,
        "request": 38
    },
    "pk": 38,
    "model": "crams.computerequest"
},
{
    "fields": {
        "compute_product": 1,
        "approved_instances": 2,
        "approved_cores": 2,
        "core_hours": 744,
        "cores": 2,
        "instances": 2,
        "approved_core_hours": 744,
        "request": 39
    },
    "pk": 39,
    "model": "crams.computerequest"
},
{
    "fields": {
        "compute_product": 1,
        "approved_instances": 2,
        "approved_cores": 2,
        "core_hours": 744,
        "cores": 2,
        "instances": 2,
        "approved_core_hours": 744,
        "request": 40
    },
    "pk": 40,
    "model": "crams.computerequest"
},
{
    "fields": {
        "compute_product": 1,
        "approved_instances": 2,
        "approved_cores": 2,
        "core_hours": 744,
        "cores": 2,
        "instances": 2,
        "approved_core_hours": 744,
        "request": 41
    },
    "pk": 41,
    "model": "crams.computerequest"
},
{
    "fields": {
        "compute_product": 1,
        "approved_instances": 2,
        "approved_cores": 2,
        "core_hours": 744,
        "cores": 2,
        "instances": 2,
        "approved_core_hours": 744,
        "request": 42
    },
    "pk": 42,
    "model": "crams.computerequest"
},
{
    "fields": {
        "compute_product": 1,
        "approved_instances": 2,
        "approved_cores": 2,
        "core_hours": 744,
        "cores": 2,
        "instances": 2,
        "approved_core_hours": 744,
        "request": 43
    },
    "pk": 43,
    "model": "crams.computerequest"
},
{
    "fields": {
        "compute_product": 1,
        "approved_instances": 2,
        "approved_cores": 2,
        "core_hours": 744,
        "cores": 2,
        "instances": 2,
        "approved_core_hours": 744,
        "request": 44
    },
    "pk": 44,
    "model": "crams.computerequest"
},
{
    "fields": {
        "compute_product": 1,
        "approved_instances": 2,
        "approved_cores": 2,
        "core_hours": 744,
        "cores": 2,
        "instances": 2,
        "approved_core_hours": 744,
        "request": 45
    },
    "pk": 45,
    "model": "crams.computerequest"
},
{
    "fields": {
        "compute_product": 1,
        "approved_instances": 2,
        "approved_cores": 2,
        "core_hours": 744,
        "cores": 2,
        "instances": 2,
        "approved_core_hours": 744,
        "request": 46
    },
    "pk": 46,
    "model": "crams.computerequest"
},
{
    "fields": {
        "project": 1,
        "institution": "Monash"
    },
    "pk": 32,
    "model": "crams.supportedinstitution"
},
{
    "fields": {
        "project": 2,
        "institution": "Monash"
    },
    "pk": 33,
    "model": "crams.supportedinstitution"
},
{
    "fields": {
        "project": 3,
        "institution": "Monash"
    },
    "pk": 34,
    "model": "crams.supportedinstitution"
},
{
    "fields": {
        "project": 4,
        "institution": "Monash"
    },
    "pk": 35,
    "model": "crams.supportedinstitution"
},
{
    "fields": {
        "project": 5,
        "institution": "Monash"
    },
    "pk": 36,
    "model": "crams.supportedinstitution"
},
{
    "fields": {
        "project": 6,
        "institution": "Monash"
    },
    "pk": 37,
    "model": "crams.supportedinstitution"
},
{
    "fields": {
        "project": 7,
        "institution": "Monash"
    },
    "pk": 38,
    "model": "crams.supportedinstitution"
},
{
    "fields": {
        "project": 8,
        "institution": "Monash"
    },
    "pk": 39,
    "model": "crams.supportedinstitution"
},
{
    "fields": {
        "project": 9,
        "institution": "Monash"
    },
    "pk": 40,
    "model": "crams.supportedinstitution"
},
{
    "fields": {
        "project": 10,
        "institution": "Monash"
    },
    "pk": 41,
    "model": "crams.supportedinstitution"
},
{
    "fields": {
        "project": 11,
        "institution": "Monash"
    },
    "pk": 42,
    "model": "crams.supportedinstitution"
},
{
    "fields": {
        "project": 12,
        "institution": "Monash"
    },
    "pk": 43,
    "model": "crams.supportedinstitution"
},
{
    "fields": {
        "quota": 1000.0,
        "approved_quota": 1000.0,
        "storage_product": -1,
        "request": 35
    },
    "pk": 23,
    "model": "crams.storagerequest"
},
{
    "fields": {
        "quota": 1000.0,
        "approved_quota": 1000.0,
        "storage_product": -1,
        "request": 36
    },
    "pk": 24,
    "model": "crams.storagerequest"
},
{
    "fields": {
        "quota": 1000.0,
        "approved_quota": 1000.0,
        "storage_product": -1,
        "request": 37
    },
    "pk": 25,
    "model": "crams.storagerequest"
},
{
    "fields": {
        "quota": 1000.0,
        "approved_quota": 1000.0,
        "storage_product": -1,
        "request": 38
    },
    "pk": 26,
    "model": "crams.storagerequest"
},
{
    "fields": {
        "quota": 1000.0,
        "approved_quota": 1000.0,
        "storage_product": -1,
        "request": 39
    },
    "pk": 27,
    "model": "crams.storagerequest"
},
{
    "fields": {
        "quota": 1000.0,
        "approved_quota": 1000.0,
        "storage_product": -1,
        "request": 40
    },
    "pk": 28,
    "model": "crams.storagerequest"
},
{
    "fields": {
        "quota": 1000.0,
        "approved_quota": 1000.0,
        "storage_product": -1,
        "request": 41
    },
    "pk": 29,
    "model": "crams.storagerequest"
},
{
    "fields": {
        "quota": 1000.0,
        "approved_quota": 1000.0,
        "storage_product": -1,
        "request": 42
    },
    "pk": 30,
    "model": "crams.storagerequest"
},
{
    "fields": {
        "quota": 1000.0,
        "approved_quota": 1000.0,
        "storage_product": -1,
        "request": 43
    },
    "pk": 31,
    "model": "crams.storagerequest"
},
{
    "fields": {
        "quota": 1000.0,
        "approved_quota": 1000.0,
        "storage_product": -1,
        "request": 44
    },
    "pk": 32,
    "model": "crams.storagerequest"
},
{
    "fields": {
        "quota": 1000.0,
        "approved_quota": 1000.0,
        "storage_product": -1,
        "request": 45
    },
    "pk": 33,
    "model": "crams.storagerequest"
},
{
    "fields": {
        "quota": 1000.0,
        "approved_quota": 1000.0,
        "storage_product": -1,
        "request": 46
    },
    "pk": 34,
    "model": "crams.storagerequest"
},
{
    "fields": {
        "question_response": "",
        "project": 1,
        "question": 8
    },
    "pk": 94,
    "model": "crams.projectquestionresponse"
},
{
    "fields": {
        "question_response": "",
        "project": 1,
        "question": 9
    },
    "pk": 95,
    "model": "crams.projectquestionresponse"
},
{
    "fields": {
        "question_response": "",
        "project": 1,
        "question": 10
    },
    "pk": 96,
    "model": "crams.projectquestionresponse"
},
{
    "fields": {
        "question_response": "",
        "project": 2,
        "question": 8
    },
    "pk": 97,
    "model": "crams.projectquestionresponse"
},
{
    "fields": {
        "question_response": "",
        "project": 2,
        "question": 9
    },
    "pk": 98,
    "model": "crams.projectquestionresponse"
},
{
    "fields": {
        "question_response": "",
        "project": 2,
        "question": 10
    },
    "pk": 99,
    "model": "crams.projectquestionresponse"
},
{
    "fields": {
        "question_response": "",
        "project": 3,
        "question": 8
    },
    "pk": 100,
    "model": "crams.projectquestionresponse"
},
{
    "fields": {
        "question_response": "",
        "project": 3,
        "question": 9
    },
    "pk": 101,
    "model": "crams.projectquestionresponse"
},
{
    "fields": {
        "question_response": "",
        "project": 3,
        "question": 10
    },
    "pk": 102,
    "model": "crams.projectquestionresponse"
},
{
    "fields": {
        "question_response": "",
        "project": 4,
        "question": 8
    },
    "pk": 103,
    "model": "crams.projectquestionresponse"
},
{
    "fields": {
        "question_response": "",
        "project": 4,
        "question": 9
    },
    "pk": 104,
    "model": "crams.projectquestionresponse"
},
{
    "fields": {
        "question_response": "",
        "project": 4,
        "question": 10
    },
    "pk": 105,
    "model": "crams.projectquestionresponse"
},
{
    "fields": {
        "question_response": "",
        "project": 5,
        "question": 8
    },
    "pk": 106,
    "model": "crams.projectquestionresponse"
},
{
    "fields": {
        "question_response": "",
        "project": 5,
        "question": 9
    },
    "pk": 107,
    "model": "crams.projectquestionresponse"
},
{
    "fields": {
        "question_response": "",
        "project": 5,
        "question": 10
    },
    "pk": 108,
    "model": "crams.projectquestionresponse"
},
{
    "fields": {
        "question_response": "",
        "project": 6,
        "question": 8
    },
    "pk": 109,
    "model": "crams.projectquestionresponse"
},
{
    "fields": {
        "question_response": "",
        "project": 6,
        "question": 9
    },
    "pk": 110,
    "model": "crams.projectquestionresponse"
},
{
    "fields": {
        "question_response": "",
        "project": 6,
        "question": 10
    },
    "pk": 111,
    "model": "crams.projectquestionresponse"
},
{
    "fields": {
        "question_response": "",
        "project": 7,
        "question": 8
    },
    "pk": 112,
    "model": "crams.projectquestionresponse"
},
{
    "fields": {
        "question_response": "",
        "project": 7,
        "question": 9
    },
    "pk": 113,
    "model": "crams.projectquestionresponse"
},
{
    "fields": {
        "question_response": "",
        "project": 7,
        "question": 10
    },
    "pk": 114,
    "model": "crams.projectquestionresponse"
},
{
    "fields": {
        "question_response": "",
        "project": 8,
        "question": 8
    },
    "pk": 115,
    "model": "crams.projectquestionresponse"
},
{
    "fields": {
        "question_response": "",
        "project": 8,
        "question": 9
    },
    "pk": 116,
    "model": "crams.projectquestionresponse"
},
{
    "fields": {
        "question_response": "",
        "project": 8,
        "question": 10
    },
    "pk": 117,
    "model": "crams.projectquestionresponse"
},
{
    "fields": {
        "question_response": "",
        "project": 9,
        "question": 8
    },
    "pk": 118,
    "model": "crams.projectquestionresponse"
},
{
    "fields": {
        "question_response": "",
        "project": 9,
        "question": 9
    },
    "pk": 119,
    "model": "crams.projectquestionresponse"
},
{
    "fields": {
        "question_response": "",
        "project": 9,
        "question": 10
    },
    "pk": 120,
    "model": "crams.projectquestionresponse"
},
{
    "fields": {
        "question_response": "",
        "project": 10,
        "question": 8
    },
    "pk": 121,
    "model": "crams.projectquestionresponse"
},
{
    "fields": {
        "question_response": "",
        "project": 10,
        "question": 9
    },
    "pk": 122,
    "model": "crams.projectquestionresponse"
},
{
    "fields": {
        "question_response": "",
        "project": 10,
        "question": 10
    },
    "pk": 123,
    "model": "crams.projectquestionresponse"
},
{
    "fields": {
        "question_response": "",
        "project": 11,
        "question": 8
    },
    "pk": 124,
    "model": "crams.projectquestionresponse"
},
{
    "fields": {
        "question_response": "",
        "project": 11,
        "question": 9
    },
    "pk": 125,
    "model": "crams.projectquestionresponse"
},
{
    "fields": {
        "question_response": "",
        "project": 11,
        "question": 10
    },
    "pk": 126,
    "model": "crams.projectquestionresponse"
},
{
    "fields": {
        "question_response": "",
        "project": 12,
        "question": 8
    },
    "pk": 127,
    "model": "crams.projectquestionresponse"
},
{
    "fields": {
        "question_response": "",
        "project": 12,
        "question": 9
    },
    "pk": 128,
    "model": "crams.projectquestionresponse"
},
{
    "fields": {
        "question_response": "",
        "project": 12,
        "question": 10
    },
    "pk": 129,
    "model": "crams.projectquestionresponse"
},
{
    "fields": {
        "question_response": "1",
        "request": 35,
        "question": 1
    },
    "pk": 225,
    "model": "crams.requestquestionresponse"
},
{
    "fields": {
        "question_response": "False",
        "request": 35,
        "question": 2
    },
    "pk": 226,
    "model": "crams.requestquestionresponse"
},
{
    "fields": {
        "question_response": "Test research project",
        "request": 35,
        "question": 3
    },
    "pk": 227,
    "model": "crams.requestquestionresponse"
},
{
    "fields": {
        "question_response": "",
        "request": 35,
        "question": 4
    },
    "pk": 228,
    "model": "crams.requestquestionresponse"
},
{
    "fields": {
        "question_response": "Monash",
        "request": 35,
        "question": 5
    },
    "pk": 229,
    "model": "crams.requestquestionresponse"
},
{
    "fields": {
        "question_response": "",
        "request": 35,
        "question": 6
    },
    "pk": 230,
    "model": "crams.requestquestionresponse"
},
{
    "fields": {
        "question_response": "1",
        "request": 35,
        "question": 7
    },
    "pk": 231,
    "model": "crams.requestquestionresponse"
},
{
    "fields": {
        "question_response": "1",
        "request": 36,
        "question": 1
    },
    "pk": 232,
    "model": "crams.requestquestionresponse"
},
{
    "fields": {
        "question_response": "False",
        "request": 36,
        "question": 2
    },
    "pk": 233,
    "model": "crams.requestquestionresponse"
},
{
    "fields": {
        "question_response": "Test research project",
        "request": 36,
        "question": 3
    },
    "pk": 234,
    "model": "crams.requestquestionresponse"
},
{
    "fields": {
        "question_response": "",
        "request": 36,
        "question": 4
    },
    "pk": 235,
    "model": "crams.requestquestionresponse"
},
{
    "fields": {
        "question_response": "Monash",
        "request": 36,
        "question": 5
    },
    "pk": 236,
    "model": "crams.requestquestionresponse"
},
{
    "fields": {
        "question_response": "",
        "request": 36,
        "question": 6
    },
    "pk": 237,
    "model": "crams.requestquestionresponse"
},
{
    "fields": {
        "question_response": "1",
        "request": 36,
        "question": 7
    },
    "pk": 238,
    "model": "crams.requestquestionresponse"
},
{
    "fields": {
        "question_response": "1",
        "request": 37,
        "question": 1
    },
    "pk": 239,
    "model": "crams.requestquestionresponse"
},
{
    "fields": {
        "question_response": "False",
        "request": 37,
        "question": 2
    },
    "pk": 240,
    "model": "crams.requestquestionresponse"
},
{
    "fields": {
        "question_response": "Test research project",
        "request": 37,
        "question": 3
    },
    "pk": 241,
    "model": "crams.requestquestionresponse"
},
{
    "fields": {
        "question_response": "",
        "request": 37,
        "question": 4
    },
    "pk": 242,
    "model": "crams.requestquestionresponse"
},
{
    "fields": {
        "question_response": "Monash",
        "request": 37,
        "question": 5
    },
    "pk": 243,
    "model": "crams.requestquestionresponse"
},
{
    "fields": {
        "question_response": "",
        "request": 37,
        "question": 6
    },
    "pk": 244,
    "model": "crams.requestquestionresponse"
},
{
    "fields": {
        "question_response": "1",
        "request": 37,
        "question": 7
    },
    "pk": 245,
    "model": "crams.requestquestionresponse"
},
{
    "fields": {
        "question_response": "1",
        "request": 38,
        "question": 1
    },
    "pk": 246,
    "model": "crams.requestquestionresponse"
},
{
    "fields": {
        "question_response": "False",
        "request": 38,
        "question": 2
    },
    "pk": 247,
    "model": "crams.requestquestionresponse"
},
{
    "fields": {
        "question_response": "Test research project",
        "request": 38,
        "question": 3
    },
    "pk": 248,
    "model": "crams.requestquestionresponse"
},
{
    "fields": {
        "question_response": "",
        "request": 38,
        "question": 4
    },
    "pk": 249,
    "model": "crams.requestquestionresponse"
},
{
    "fields": {
        "question_response": "Monash",
        "request": 38,
        "question": 5
    },
    "pk": 250,
    "model": "crams.requestquestionresponse"
},
{
    "fields": {
        "question_response": "",
        "request": 38,
        "question": 6
    },
    "pk": 251,
    "model": "crams.requestquestionresponse"
},
{
    "fields": {
        "question_response": "1",
        "request": 38,
        "question": 7
    },
    "pk": 252,
    "model": "crams.requestquestionresponse"
},
{
    "fields": {
        "question_response": "1",
        "request": 39,
        "question": 1
    },
    "pk": 253,
    "model": "crams.requestquestionresponse"
},
{
    "fields": {
        "question_response": "False",
        "request": 39,
        "question": 2
    },
    "pk": 254,
    "model": "crams.requestquestionresponse"
},
{
    "fields": {
        "question_response": "Test research project",
        "request": 39,
        "question": 3
    },
    "pk": 255,
    "model": "crams.requestquestionresponse"
},
{
    "fields": {
        "question_response": "",
        "request": 39,
        "question": 4
    },
    "pk": 256,
    "model": "crams.requestquestionresponse"
},
{
    "fields": {
        "question_response": "Monash",
        "request": 39,
        "question": 5
    },
    "pk": 257,
    "model": "crams.requestquestionresponse"
},
{
    "fields": {
        "question_response": "",
        "request": 39,
        "question": 6
    },
    "pk": 258,
    "model": "crams.requestquestionresponse"
},
{
    "fields": {
        "question_response": "1",
        "request": 39,
        "question": 7
    },
    "pk": 259,
    "model": "crams.requestquestionresponse"
},
{
    "fields": {
        "question_response": "1",
        "request": 40,
        "question": 1
    },
    "pk": 260,
    "model": "crams.requestquestionresponse"
},
{
    "fields": {
        "question_response": "False",
        "request": 40,
        "question": 2
    },
    "pk": 261,
    "model": "crams.requestquestionresponse"
},
{
    "fields": {
        "question_response": "Test research project",
        "request": 40,
        "question": 3
    },
    "pk": 262,
    "model": "crams.requestquestionresponse"
},
{
    "fields": {
        "question_response": "",
        "request": 40,
        "question": 4
    },
    "pk": 263,
    "model": "crams.requestquestionresponse"
},
{
    "fields": {
        "question_response": "Monash",
        "request": 40,
        "question": 5
    },
    "pk": 264,
    "model": "crams.requestquestionresponse"
},
{
    "fields": {
        "question_response": "",
        "request": 40,
        "question": 6
    },
    "pk": 265,
    "model": "crams.requestquestionresponse"
},
{
    "fields": {
        "question_response": "1",
        "request": 40,
        "question": 7
    },
    "pk": 266,
    "model": "crams.requestquestionresponse"
},
{
    "fields": {
        "question_response": "1",
        "request": 41,
        "question": 1
    },
    "pk": 267,
    "model": "crams.requestquestionresponse"
},
{
    "fields": {
        "question_response": "False",
        "request": 41,
        "question": 2
    },
    "pk": 268,
    "model": "crams.requestquestionresponse"
},
{
    "fields": {
        "question_response": "Test research project",
        "request": 41,
        "question": 3
    },
    "pk": 269,
    "model": "crams.requestquestionresponse"
},
{
    "fields": {
        "question_response": "",
        "request": 41,
        "question": 4
    },
    "pk": 270,
    "model": "crams.requestquestionresponse"
},
{
    "fields": {
        "question_response": "Monash",
        "request": 41,
        "question": 5
    },
    "pk": 271,
    "model": "crams.requestquestionresponse"
},
{
    "fields": {
        "question_response": "",
        "request": 41,
        "question": 6
    },
    "pk": 272,
    "model": "crams.requestquestionresponse"
},
{
    "fields": {
        "question_response": "1",
        "request": 41,
        "question": 7
    },
    "pk": 273,
    "model": "crams.requestquestionresponse"
},
{
    "fields": {
        "question_response": "1",
        "request": 42,
        "question": 1
    },
    "pk": 274,
    "model": "crams.requestquestionresponse"
},
{
    "fields": {
        "question_response": "False",
        "request": 42,
        "question": 2
    },
    "pk": 275,
    "model": "crams.requestquestionresponse"
},
{
    "fields": {
        "question_response": "Test research project",
        "request": 42,
        "question": 3
    },
    "pk": 276,
    "model": "crams.requestquestionresponse"
},
{
    "fields": {
        "question_response": "",
        "request": 42,
        "question": 4
    },
    "pk": 277,
    "model": "crams.requestquestionresponse"
},
{
    "fields": {
        "question_response": "Monash",
        "request": 42,
        "question": 5
    },
    "pk": 278,
    "model": "crams.requestquestionresponse"
},
{
    "fields": {
        "question_response": "",
        "request": 42,
        "question": 6
    },
    "pk": 279,
    "model": "crams.requestquestionresponse"
},
{
    "fields": {
        "question_response": "1",
        "request": 42,
        "question": 7
    },
    "pk": 280,
    "model": "crams.requestquestionresponse"
},
{
    "fields": {
        "question_response": "1",
        "request": 43,
        "question": 1
    },
    "pk": 281,
    "model": "crams.requestquestionresponse"
},
{
    "fields": {
        "question_response": "False",
        "request": 43,
        "question": 2
    },
    "pk": 282,
    "model": "crams.requestquestionresponse"
},
{
    "fields": {
        "question_response": "Test research project",
        "request": 43,
        "question": 3
    },
    "pk": 283,
    "model": "crams.requestquestionresponse"
},
{
    "fields": {
        "question_response": "",
        "request": 43,
        "question": 4
    },
    "pk": 284,
    "model": "crams.requestquestionresponse"
},
{
    "fields": {
        "question_response": "Monash",
        "request": 43,
        "question": 5
    },
    "pk": 285,
    "model": "crams.requestquestionresponse"
},
{
    "fields": {
        "question_response": "",
        "request": 43,
        "question": 6
    },
    "pk": 286,
    "model": "crams.requestquestionresponse"
},
{
    "fields": {
        "question_response": "1",
        "request": 43,
        "question": 7
    },
    "pk": 287,
    "model": "crams.requestquestionresponse"
},
{
    "fields": {
        "question_response": "1",
        "request": 44,
        "question": 1
    },
    "pk": 288,
    "model": "crams.requestquestionresponse"
},
{
    "fields": {
        "question_response": "False",
        "request": 44,
        "question": 2
    },
    "pk": 289,
    "model": "crams.requestquestionresponse"
},
{
    "fields": {
        "question_response": "Test research project",
        "request": 44,
        "question": 3
    },
    "pk": 290,
    "model": "crams.requestquestionresponse"
},
{
    "fields": {
        "question_response": "",
        "request": 44,
        "question": 4
    },
    "pk": 291,
    "model": "crams.requestquestionresponse"
},
{
    "fields": {
        "question_response": "Monash",
        "request": 44,
        "question": 5
    },
    "pk": 292,
    "model": "crams.requestquestionresponse"
},
{
    "fields": {
        "question_response": "",
        "request": 44,
        "question": 6
    },
    "pk": 293,
    "model": "crams.requestquestionresponse"
},
{
    "fields": {
        "question_response": "1",
        "request": 44,
        "question": 7
    },
    "pk": 294,
    "model": "crams.requestquestionresponse"
},
{
    "fields": {
        "question_response": "1",
        "request": 45,
        "question": 1
    },
    "pk": 295,
    "model": "crams.requestquestionresponse"
},
{
    "fields": {
        "question_response": "False",
        "request": 45,
        "question": 2
    },
    "pk": 296,
    "model": "crams.requestquestionresponse"
},
{
    "fields": {
        "question_response": "Test research project",
        "request": 45,
        "question": 3
    },
    "pk": 297,
    "model": "crams.requestquestionresponse"
},
{
    "fields": {
        "question_response": "",
        "request": 45,
        "question": 4
    },
    "pk": 298,
    "model": "crams.requestquestionresponse"
},
{
    "fields": {
        "question_response": "Monash",
        "request": 45,
        "question": 5
    },
    "pk": 299,
    "model": "crams.requestquestionresponse"
},
{
    "fields": {
        "question_response": "",
        "request": 45,
        "question": 6
    },
    "pk": 300,
    "model": "crams.requestquestionresponse"
},
{
    "fields": {
        "question_response": "1",
        "request": 45,
        "question": 7
    },
    "pk": 301,
    "model": "crams.requestquestionresponse"
},
{
    "fields": {
        "question_response": "1",
        "request": 46,
        "question": 1
    },
    "pk": 302,
    "model": "crams.requestquestionresponse"
},
{
    "fields": {
        "question_response": "False",
        "request": 46,
        "question": 2
    },
    "pk": 303,
    "model": "crams.requestquestionresponse"
},
{
    "fields": {
        "question_response": "Test research project",
        "request": 46,
        "question": 3
    },
    "pk": 304,
    "model": "crams.requestquestionresponse"
},
{
    "fields": {
        "question_response": "",
        "request": 46,
        "question": 4
    },
    "pk": 305,
    "model": "crams.requestquestionresponse"
},
{
    "fields": {
        "question_response": "Monash",
        "request": 46,
        "question": 5
    },
    "pk": 306,
    "model": "crams.requestquestionresponse"
},
{
    "fields": {
        "question_response": "",
        "request": 46,
        "question": 6
    },
    "pk": 307,
    "model": "crams.requestquestionresponse"
},
{
    "fields": {
        "question_response": "1",
        "request": 46,
        "question": 7
    },
    "pk": 308,
    "model": "crams.requestquestionresponse"
}
]
